title,company,location,reward,link
Sr. Flutter Engineer (Coupang Eats),쿠팡,경력 5-9년,합격보상금 100만원,https://www.wanted.co.kr/wd/341288
Flutter 개발자,코보시스,경력 2-6년,합격보상금 100만원,https://www.wanted.co.kr/wd/341728
Flutter / Node Full-Stack,플랫폼엔,경력 4-10년,합격보상금 100만원,https://www.wanted.co.kr/wd/342793
클라이언트 엔지니어(팀원),로완,경력 2년 이상,합격보상금 100만원,https://www.wanted.co.kr/wd/317130
Front-end developer,베스펙스,경력 5-11년,합격보상금 100만원,https://www.wanted.co.kr/wd/282230
UI 퍼블리싱 리드 (Flutter / Vue.js),대동애그테크,경력 7년 이상,합격보상금 100만원,https://www.wanted.co.kr/wd/341099
"[민병철유폰] AI 전문 앱 개발자 (Flutter, iOS) (5~8년)",민병철교육그룹,경력 5-8년,합격보상금 100만원,https://www.wanted.co.kr/wd/325689
Flutter 앱 개발자,솔리다리테(SolidariteInc.),신입-경력 3년,합격보상금 100만원,https://www.wanted.co.kr/wd/342526
Sr. Flutter Engineer (Coupang Eats),쿠팡,경력 5-9년,합격보상금 100만원,https://www.wanted.co.kr/wd/341288
Flutter 개발자,코보시스,경력 2-6년,합격보상금 100만원,https://www.wanted.co.kr/wd/341728
Flutter / Node Full-Stack,플랫폼엔,경력 4-10년,합격보상금 100만원,https://www.wanted.co.kr/wd/342793
클라이언트 엔지니어(팀원),로완,경력 2년 이상,합격보상금 100만원,https://www.wanted.co.kr/wd/317130
Front-end developer,베스펙스,경력 5-11년,합격보상금 100만원,https://www.wanted.co.kr/wd/282230
UI 퍼블리싱 리드 (Flutter / Vue.js),대동애그테크,경력 7년 이상,합격보상금 100만원,https://www.wanted.co.kr/wd/341099
"[민병철유폰] AI 전문 앱 개발자 (Flutter, iOS) (5~8년)",민병철교육그룹,경력 5-8년,합격보상금 100만원,https://www.wanted.co.kr/wd/325689
Flutter 앱 개발자,솔리다리테(SolidariteInc.),신입-경력 3년,합격보상금 100만원,https://www.wanted.co.kr/wd/342526
모바일 앱 개발자 (React Native / Flutter),쥬비스다이어트,경력 5-10년,합격보상금 100만원,https://www.wanted.co.kr/wd/342656
Front-End Developer (AI SaaS),제로,경력 3년 이상,합격보상금 100만원,https://www.wanted.co.kr/wd/331955
AI 학습앱 Flutter 개발자 (2년 이상),위버스마인드,경력 3년 이상,합격보상금 100만원,https://www.wanted.co.kr/wd/330372
Flutter 개발자(시니어 / 주니어),KAYPLE,경력 2년 이상,합격보상금 100만원,https://www.wanted.co.kr/wd/330354
